filename,width,height,class,xmin,ymin,xmax,ymax
photos00001.jpg,1920,1090,person,427,623,569,959
photos00001.jpg,1920,1090,person,823,581,929,855
photos00001.jpg,1920,1090,person,1177,411,1239,615
photos00001.jpg,1920,1090,person,1251,289,1297,425
photos00001.jpg,1920,1090,person,1213,285,1255,415
photos00001.jpg,1920,1090,person,437,363,535,539
photos00001.jpg,1920,1090,person,557,397,631,531
photos00001.jpg,1920,1090,person,661,427,713,551
photos00001.jpg,1920,1090,person,861,289,923,441
photos00001.jpg,1920,1090,person,1081,307,1135,443
photos00001.jpg,1920,1090,person,1363,325,1419,437
photos00001.jpg,1920,1090,person,293,559,411,909
photos00001.jpg,1920,1090,person,167,567,289,915
photos00001.jpg,1920,1090,person,165,371,229,545
photos00001.jpg,1920,1090,person,265,451,359,621
photos00001.jpg,1920,1090,person,775,343,839,481
photos00001.jpg,1920,1090,person,739,355,787,487
photos00001.jpg,1920,1090,person,1445,325,1503,437
photos00001.jpg,1920,1090,person,1561,245,1613,351
photos00001.jpg,1920,1090,person,1513,329,1557,429
photos00001.jpg,1920,1090,person,141,467,217,657
photos00011.jpg,1920,1090,person,799,597,925,869
photos00011.jpg,1920,1090,person,1235,423,1313,635
photos00011.jpg,1920,1090,person,1429,323,1485,439
photos00011.jpg,1920,1090,person,1509,325,1559,419
photos00011.jpg,1920,1090,person,1581,331,1621,423
photos00011.jpg,1920,1090,person,933,303,987,441
photos00011.jpg,1920,1090,person,1111,313,1155,447
photos00011.jpg,1920,1090,person,1229,291,1279,427
photos00011.jpg,1920,1090,person,1279,297,1329,441
photos00011.jpg,1920,1090,person,1303,255,1343,331
photos00011.jpg,1920,1090,person,507,351,583,545
photos00011.jpg,1920,1090,person,623,395,695,531
photos00011.jpg,1920,1090,person,791,343,849,489
photos00011.jpg,1920,1090,person,757,357,795,509
photos00011.jpg,1920,1090,person,331,447,429,613
photos00011.jpg,1920,1090,person,339,561,447,875
photos00011.jpg,1920,1090,person,405,645,583,963
photos00011.jpg,1920,1090,person,219,553,335,883
photos00011.jpg,1920,1090,person,265,463,331,665
photos00021.jpg,1920,1090,person,433,639,611,987
photos00021.jpg,1920,1090,person,839,625,977,905
photos00021.jpg,1920,1090,person,1453,469,1511,703
photos00021.jpg,1920,1090,person,1665,351,1717,477
photos00021.jpg,1920,1090,person,1733,351,1789,467
photos00021.jpg,1920,1090,person,1799,365,1861,483
photos00021.jpg,1920,1090,person,1431,319,1487,459
photos00021.jpg,1920,1090,person,1389,317,1433,469
photos00021.jpg,1920,1090,person,715,347,791,537
photos00021.jpg,1920,1090,person,909,367,971,521
photos00021.jpg,1920,1090,person,843,453,901,555
photos00021.jpg,1920,1090,person,1255,335,1309,475
photos00021.jpg,1920,1090,person,253,373,329,509
photos00021.jpg,1920,1090,person,309,477,395,683
photos00021.jpg,1920,1090,person,453,477,523,609
photos00021.jpg,1920,1090,person,533,433,625,591
photos00021.jpg,1920,1090,person,523,541,627,793
photos00021.jpg,1920,1090,person,403,535,493,831
photos00031.jpg,1920,1090,person,425,621,597,985
photos00031.jpg,1920,1090,person,849,613,971,901
photos00031.jpg,1920,1090,person,643,481,729,775
photos00031.jpg,1920,1090,person,1613,475,1691,701
photos00031.jpg,1920,1090,person,307,335,399,535
photos00031.jpg,1920,1090,person,691,391,793,535
photos00031.jpg,1920,1090,person,887,321,959,507
photos00031.jpg,1920,1090,person,973,337,1029,493
photos00031.jpg,1920,1090,person,1027,361,1083,487
photos00031.jpg,1920,1090,person,975,447,1027,527
photos00031.jpg,1920,1090,person,1545,313,1613,461
photos00031.jpg,1920,1090,person,1865,335,1917,455
photos00031.jpg,1920,1090,person,1489,297,1545,445
photos00031.jpg,1920,1090,person,1369,321,1425,467
photos00031.jpg,1920,1090,person,521,483,637,741
photos00031.jpg,1920,1090,person,447,435,521,623
photos00031.jpg,1920,1090,person,1673,261,1725,367
photos00041.jpg,1920,1090,person,347,629,521,1015
photos00041.jpg,1920,1090,person,719,603,861,889
photos00041.jpg,1920,1090,person,1617,467,1713,709
photos00041.jpg,1920,1090,person,649,457,735,755
photos00041.jpg,1920,1090,person,547,453,641,735
photos00041.jpg,1920,1090,person,1509,289,1559,453
photos00041.jpg,1920,1090,person,1459,277,1507,437
photos00041.jpg,1920,1090,person,1071,333,1139,465
photos00041.jpg,1920,1090,person,719,351,807,515
photos00041.jpg,1920,1090,person,187,319,321,523
photos00041.jpg,1920,1090,person,441,421,509,589
photos00041.jpg,1920,1090,person,907,315,989,501
photos00051.jpg,1920,1090,person,215,315,349,523
photos00051.jpg,1920,1090,person,403,687,545,1090
photos00051.jpg,1920,1090,person,683,609,823,913
photos00051.jpg,1920,1090,person,1723,515,1849,739
photos00051.jpg,1920,1090,person,1231,349,1297,475
photos00051.jpg,1920,1090,person,1571,319,1647,479
photos00051.jpg,1920,1090,person,1059,297,1141,485
photos00051.jpg,1920,1090,person,673,449,761,725
photos00051.jpg,1920,1090,person,771,451,853,731
photos00051.jpg,1920,1090,person,585,485,677,743
photos00051.jpg,1920,1090,person,863,369,941,525
photos00051.jpg,1920,1090,person,949,329,1031,507
photos00061.jpg,1920,1090,person,435,757,593,1090
photos00061.jpg,1920,1090,person,243,303,371,517
photos00061.jpg,1920,1090,person,657,621,793,911
photos00061.jpg,1920,1090,person,1775,549,1920,831
photos00061.jpg,1920,1090,person,1649,321,1711,503
photos00061.jpg,1920,1090,person,1219,299,1291,487
photos00061.jpg,1920,1090,person,1289,509,1367,689
photos00061.jpg,1920,1090,person,1399,365,1477,475
photos00061.jpg,1920,1090,person,1499,341,1553,487
photos00061.jpg,1920,1090,person,1023,363,1097,509
photos00061.jpg,1920,1090,person,981,335,1051,533
photos00061.jpg,1920,1090,person,865,441,939,733
photos00061.jpg,1920,1090,person,769,433,865,723
photos00061.jpg,1920,1090,person,155,239,219,385
photos00071.jpg,1920,1090,person,33,313,95,491
photos00071.jpg,1920,1090,person,105,335,159,503
photos00071.jpg,1920,1090,person,141,363,267,577
photos00071.jpg,1920,1090,person,245,293,301,429
photos00071.jpg,1920,1090,person,1701,601,1833,903
photos00071.jpg,1920,1090,person,1325,589,1415,865
photos00071.jpg,1920,1090,person,1249,347,1343,527
photos00071.jpg,1920,1090,person,1055,389,1147,559
photos00071.jpg,1920,1090,person,915,369,983,573
photos00071.jpg,1920,1090,person,541,669,647,993
photos00071.jpg,1920,1090,person,711,597,847,893
photos00071.jpg,1920,1090,person,395,893,559,1090
photos00071.jpg,1920,1090,person,839,471,931,761
photos00071.jpg,1920,1090,person,1445,411,1509,527
photos00081.jpg,1920,1090,person,1309,633,1401,919
photos00081.jpg,1920,1090,person,1577,653,1705,963
photos00081.jpg,1920,1090,person,397,759,532,1090
photos00081.jpg,1920,1090,person,1061,437,1171,603
photos00081.jpg,1920,1090,person,1263,389,1339,553
photos00081.jpg,1920,1090,person,1779,367,1835,531
photos00081.jpg,1920,1090,person,1367,429,1425,559
photos00081.jpg,1920,1090,person,5,407,121,621
photos00081.jpg,1920,1090,person,91,383,153,559
photos00081.jpg,1920,1090,person,321,345,403,473
photos00081.jpg,1920,1090,person,753,521,821,781
photos00081.jpg,1920,1090,person,827,515,887,789
photos00081.jpg,1920,1090,person,623,675,759,889
photos00081.jpg,1920,1090,person,629,851,805,1090
photos00091.jpg,1920,1090,person,77,375,157,557
photos00091.jpg,1920,1090,person,5,361,63,565
photos00091.jpg,1920,1090,person,435,315,491,445
photos00091.jpg,1920,1090,person,349,791,480,1090
photos00091.jpg,1920,1090,person,1279,629,1375,931
photos00091.jpg,1920,1090,person,1463,609,1593,911
photos00091.jpg,1920,1090,person,1107,405,1195,579
photos00091.jpg,1920,1090,person,1813,309,1867,481
photos00091.jpg,1920,1090,person,641,747,791,1090
photos00091.jpg,1920,1090,person,595,697,695,1090
photos00091.jpg,1920,1090,person,1413,377,1481,529
photos00091.jpg,1920,1090,person,799,465,881,721
photos00091.jpg,1920,1090,person,729,471,813,743
photos00091.jpg,1920,1090,person,1359,359,1411,513
photos00101.jpg,1920,1090,person,367,799,541,1089
photos00101.jpg,1920,1090,person,647,639,777,1069
photos00101.jpg,1920,1090,person,1183,591,1303,913
photos00101.jpg,1920,1090,person,1377,563,1483,889
photos00101.jpg,1920,1090,person,91,343,173,539
photos00101.jpg,1920,1090,person,3,353,81,543
photos00101.jpg,1920,1090,person,1143,345,1229,541
photos00101.jpg,1920,1090,person,1539,343,1605,533
photos00101.jpg,1920,1090,person,1837,261,1905,423
photos00101.jpg,1920,1090,person,1337,317,1403,467
photos00101.jpg,1920,1090,person,803,409,887,667
photos00101.jpg,1920,1090,person,731,413,819,681
photos00111.jpg,1920,1090,person,379,891,565,1087
photos00111.jpg,1920,1090,person,455,741,623,1031
photos00111.jpg,1920,1090,person,77,355,163,553
photos00111.jpg,1920,1090,person,5,365,63,559
photos00111.jpg,1920,1090,person,1055,603,1151,905
photos00111.jpg,1920,1090,person,1259,557,1379,865
photos00111.jpg,1920,1090,person,655,591,799,989
photos00111.jpg,1920,1090,person,1551,313,1635,507
photos00111.jpg,1920,1090,person,1367,265,1437,453
photos00111.jpg,1920,1090,person,1251,305,1321,465
photos00111.jpg,1920,1090,person,791,373,879,611
photos00111.jpg,1920,1090,person,725,385,805,647
photos00111.jpg,1920,1090,person,1155,325,1233,481
photos00121.jpg,1920,1090,person,563,833,711,1057
photos00121.jpg,1920,1090,person,111,373,213,573
photos00121.jpg,1920,1090,person,17,371,105,579
photos00121.jpg,1920,1090,person,947,605,1051,923
photos00121.jpg,1920,1090,person,1185,561,1299,889
photos00121.jpg,1920,1090,person,1597,323,1687,509
photos00121.jpg,1920,1090,person,719,561,843,923
photos00121.jpg,1920,1090,person,1225,333,1289,465
photos00121.jpg,1920,1090,person,835,389,921,587
photos00121.jpg,1920,1090,person,757,377,841,615
photos00121.jpg,1920,1090,person,1147,353,1215,521
photos00121.jpg,1920,1090,person,471,327,559,523
photos00131.jpg,1920,1090,person,57,347,141,561
photos00131.jpg,1920,1090,person,151,355,249,567
photos00131.jpg,1920,1090,person,1095,551,1217,875
photos00131.jpg,1920,1090,person,837,591,937,875
photos00131.jpg,1920,1090,person,1669,291,1753,489
photos00131.jpg,1920,1090,person,707,479,809,801
photos00131.jpg,1920,1090,person,1281,309,1363,457
photos00131.jpg,1920,1090,person,409,315,497,493
photos00131.jpg,1920,1090,person,855,247,933,381
photos00131.jpg,1920,1090,person,1133,349,1195,483
photos00131.jpg,1920,1090,person,891,361,957,521
photos00131.jpg,1920,1090,person,817,355,899,559
photos00141.jpg,1920,1090,person,749,601,841,909
photos00141.jpg,1920,1090,person,169,347,271,567
photos00141.jpg,1920,1090,person,55,335,159,579
photos00141.jpg,1920,1090,person,327,289,441,527
photos00141.jpg,1920,1090,person,989,539,1113,859
photos00141.jpg,1920,1090,person,1715,263,1793,457
photos00141.jpg,1920,1090,person,1313,281,1403,421
photos00141.jpg,1920,1090,person,1091,329,1159,465
photos00141.jpg,1920,1090,person,803,463,899,815
photos00141.jpg,1920,1090,person,913,327,985,491
photos00141.jpg,1920,1090,person,943,227,1019,375
photos00141.jpg,1920,1090,person,713,445,803,671
photos00141.jpg,1920,1090,person,835,321,925,515
photos00151.jpg,1920,1090,person,625,635,743,997
photos00151.jpg,1920,1090,person,861,541,981,849
photos00151.jpg,1920,1090,person,789,415,877,761
photos00151.jpg,1920,1090,person,705,389,791,685
photos00151.jpg,1920,1090,person,67,333,159,563
photos00151.jpg,1920,1090,person,171,335,255,571
photos00151.jpg,1920,1090,person,233,281,339,503
photos00151.jpg,1920,1090,person,1049,317,1121,457
photos00151.jpg,1920,1090,person,1333,243,1423,405
photos00151.jpg,1920,1090,person,1727,243,1807,437
photos00151.jpg,1920,1090,person,933,317,1003,475
photos00151.jpg,1920,1090,person,865,299,937,481
photos00161.jpg,1920,1090,person,83,359,171,599
photos00161.jpg,1920,1090,person,181,361,267,591
photos00161.jpg,1920,1090,person,581,691,711,1083
photos00161.jpg,1920,1090,person,743,543,879,889
photos00161.jpg,1920,1090,person,765,399,865,615
photos00161.jpg,1920,1090,person,1343,261,1419,421
photos00161.jpg,1920,1090,person,1751,231,1823,413
photos00161.jpg,1920,1090,person,1103,213,1179,353
photos00161.jpg,1920,1090,person,1603,227,1675,385
photos00161.jpg,1920,1090,person,939,297,1009,445
photos00161.jpg,1920,1090,person,703,377,765,635
photos00161.jpg,1920,1090,person,587,363,677,615
photos00171.jpg,1920,1090,person,573,827,717,1087
photos00171.jpg,1920,1090,person,681,603,809,921
photos00171.jpg,1920,1090,person,135,399,225,641
photos00171.jpg,1920,1090,person,207,401,309,645
photos00171.jpg,1920,1090,person,51,305,149,525
photos00171.jpg,1920,1090,person,1389,253,1473,413
photos00171.jpg,1920,1090,person,1821,255,1893,423
photos00171.jpg,1920,1090,person,1665,205,1727,399
photos00171.jpg,1920,1090,person,789,389,891,665
photos00171.jpg,1920,1090,person,1231,231,1277,365
photos00181.jpg,1920,1090,person,667,685,813,1021
photos00181.jpg,1920,1090,person,191,437,275,691
photos00181.jpg,1920,1090,person,273,437,379,687
photos00181.jpg,1920,1090,person,17,329,117,577
photos00181.jpg,1920,1090,person,1449,269,1535,425
photos00181.jpg,1920,1090,person,1743,227,1809,397
photos00181.jpg,1920,1090,person,833,373,923,651
photos00181.jpg,1920,1090,person,1093,309,1149,471
photos00181.jpg,1920,1090,person,1819,211,1897,365
photos00191.jpg,1920,1090,person,713,739,848,1090
photos00191.jpg,1920,1090,person,245,425,341,695
photos00191.jpg,1920,1090,person,331,423,435,695
photos00191.jpg,1920,1090,person,921,337,1003,581
photos00191.jpg,1920,1090,person,1467,205,1529,355
photos00191.jpg,1920,1090,person,1855,199,1909,379
photos00191.jpg,1920,1090,person,871,339,923,579
photos00191.jpg,1920,1090,person,735,273,807,399
photos00201.jpg,1920,1090,person,807,767,960,1090
photos00201.jpg,1920,1090,person,349,369,425,663
photos00201.jpg,1920,1090,person,429,385,521,673
photos00201.jpg,1920,1090,person,9,245,113,493
photos00201.jpg,1920,1090,person,1005,247,1067,493
photos00201.jpg,1920,1090,person,1073,261,1143,447
photos00201.jpg,1920,1090,person,1337,215,1401,385
photos00201.jpg,1920,1090,person,1293,205,1327,413
photos00201.jpg,1920,1090,person,791,321,859,557
photos00211.jpg,1920,1090,person,33,203,113,427
photos00211.jpg,1920,1090,person,105,231,221,427
photos00211.jpg,1920,1090,person,437,379,515,647
photos00211.jpg,1920,1090,person,509,389,611,683
photos00211.jpg,1920,1090,person,1137,207,1217,427
photos00211.jpg,1920,1090,person,1227,211,1291,401
photos00211.jpg,1920,1090,person,1707,157,1793,381
photos00211.jpg,1920,1090,person,1495,203,1551,373
photos00211.jpg,1920,1090,person,733,185,803,399
photos00221.jpg,1920,1090,person,13,193,97,431
photos00221.jpg,1920,1090,person,73,211,177,439
photos00221.jpg,1920,1090,person,445,383,551,695
photos00221.jpg,1920,1090,person,563,391,637,703
photos00221.jpg,1920,1090,person,691,175,783,381
photos00221.jpg,1920,1090,person,1549,363,1667,677
photos00221.jpg,1920,1090,person,1225,211,1297,403
photos00221.jpg,1920,1090,person,1315,219,1391,395
photos00221.jpg,1920,1090,person,1729,149,1827,375
photos00221.jpg,1920,1090,person,1567,195,1629,349
photos00221.jpg,1920,1090,person,977,275,1043,531
photos00231.jpg,1920,1090,person,405,425,521,751
photos00231.jpg,1920,1090,person,517,437,609,759
photos00231.jpg,1920,1090,person,1533,413,1637,687
photos00231.jpg,1920,1090,person,841,305,929,543
photos00231.jpg,1920,1090,person,1221,221,1303,425
photos00231.jpg,1920,1090,person,1317,227,1381,415
photos00231.jpg,1920,1090,person,527,197,643,403
photos00231.jpg,1920,1090,person,1665,173,1757,387
photos00241.jpg,1920,1090,person,351,479,469,791
photos00241.jpg,1920,1090,person,475,467,567,801
photos00241.jpg,1920,1090,person,1445,455,1533,783
photos00241.jpg,1920,1090,person,383,207,495,423
photos00241.jpg,1920,1090,person,843,315,909,579
photos00241.jpg,1920,1090,person,1197,241,1277,447
photos00241.jpg,1920,1090,person,1307,279,1367,467
photos00241.jpg,1920,1090,person,759,319,829,577
photos00241.jpg,1920,1090,person,1515,251,1579,415
photos00241.jpg,1920,1090,person,1611,239,1667,421
photos00251.jpg,1920,1090,person,409,513,509,845
photos00251.jpg,1920,1090,person,517,497,619,867
photos00251.jpg,1920,1090,person,305,219,413,433
photos00251.jpg,1920,1090,person,855,341,945,615
photos00251.jpg,1920,1090,person,1463,527,1541,857
photos00251.jpg,1920,1090,person,1277,273,1363,501
photos00251.jpg,1920,1090,person,1387,299,1457,477
photos00251.jpg,1920,1090,person,1577,281,1641,437
photos00261.jpg,1920,1090,person,357,259,469,479
photos00261.jpg,1920,1090,person,5,227,113,431
photos00261.jpg,1920,1090,person,559,551,699,927
photos00261.jpg,1920,1090,person,699,563,825,923
photos00261.jpg,1920,1090,person,1549,553,1617,917
photos00261.jpg,1920,1090,person,1475,291,1539,545
photos00261.jpg,1920,1090,person,981,367,1049,637
photos00261.jpg,1920,1090,person,1577,335,1653,479
photos00271.jpg,1920,1090,person,689,619,807,1055
photos00271.jpg,1920,1090,person,829,635,937,1033
photos00271.jpg,1920,1090,person,349,299,453,521
photos00271.jpg,1920,1090,person,197,279,281,491
photos00271.jpg,1920,1090,person,1519,607,1629,963
photos00271.jpg,1920,1090,person,1627,333,1695,549
photos00271.jpg,1920,1090,person,1731,319,1815,501
photos00281.jpg,1920,1090,person,705,713,838,1090
photos00281.jpg,1920,1090,person,859,715,987,1090
photos00281.jpg,1920,1090,person,1435,613,1531,973
photos00281.jpg,1920,1090,person,259,333,377,553
photos00281.jpg,1920,1090,person,1065,431,1143,697
photos00291.jpg,1920,1090,person,685,863,826,1090
photos00291.jpg,1920,1090,person,143,413,265,603
photos00291.jpg,1920,1090,person,309,393,407,569
photos00291.jpg,1920,1090,person,1301,707,1411,1041
photos00291.jpg,1920,1090,person,859,911,992,1090
photos00291.jpg,1920,1090,person,1743,411,1821,601
photos00291.jpg,1920,1090,person,1827,437,1903,601
photos00291.jpg,1920,1090,person,1037,501,1125,771
photos00301.jpg,1920,1090,person,1191,765,1295,1090
photos00301.jpg,1920,1090,person,91,465,195,683
photos00301.jpg,1920,1090,person,403,453,465,639
photos00301.jpg,1920,1090,person,965,583,1045,851
photos00301.jpg,1920,1090,person,1051,579,1133,843
photos00311.jpg,1920,1090,person,1147,821,1246,1090
photos00311.jpg,1920,1090,person,507,493,573,683
photos00311.jpg,1920,1090,person,57,495,151,729
photos00311.jpg,1920,1090,person,1103,647,1171,903
photos00311.jpg,1920,1090,person,1815,501,1903,705
photos00321.jpg,1920,1090,person,573,493,649,703
photos00321.jpg,1920,1090,person,17,505,69,703
photos00321.jpg,1920,1090,person,1069,857,1166,1090
photos00321.jpg,1920,1090,person,1767,515,1877,725
photos00321.jpg,1920,1090,person,1113,653,1181,895
photos00331.jpg,1920,1090,person,671,465,725,679
photos00331.jpg,1920,1090,person,1,462,81,713
photos00331.jpg,1920,1090,person,993,849,1132,1090
photos00331.jpg,1920,1090,person,1747,505,1825,701
photos00341.jpg,1920,1090,person,961,893,1110,1090
photos00341.jpg,1920,1090,person,775,467,851,649
photos00341.jpg,1920,1090,person,1733,499,1805,711
photos00351.jpg,1920,1090,person,805,503,905,703
photos00351.jpg,1920,1090,person,1651,537,1723,723
photos00351.jpg,1920,1090,person,1157,643,1235,919
photos00361.jpg,1920,1090,person,1613,573,1709,775
photos00361.jpg,1920,1090,person,919,561,1001,771
photos00361.jpg,1920,1090,person,1187,695,1275,955
photos00361.jpg,1920,1090,person,1105,693,1185,959
photos00361.jpg,1920,1090,person,1045,663,1117,839
photos00371.jpg,1920,1090,person,1553,507,1649,741
photos00371.jpg,1920,1090,person,1027,507,1103,713
photos00371.jpg,1920,1090,person,1205,629,1291,913
photos00371.jpg,1920,1090,person,617,373,679,513
photos00371.jpg,1920,1090,person,247,453,321,609
photos00381.jpg,1920,1090,person,1425,499,1517,693
photos00381.jpg,1920,1090,person,1019,497,1077,675
photos00381.jpg,1920,1090,person,1127,623,1213,883
photos00381.jpg,1920,1090,person,175,409,239,579
photos00381.jpg,1920,1090,person,59,431,147,591
photos00391.jpg,1920,1090,person,1345,551,1453,731
photos00391.jpg,1920,1090,person,1075,561,1157,707
photos00391.jpg,1920,1090,person,1139,679,1215,937
photos00391.jpg,1920,1090,person,177,505,239,635
photos00391.jpg,1920,1090,person,549,409,605,517
photos00401.jpg,1920,1090,person,1249,681,1329,875
photos00401.jpg,1920,1090,person,1105,695,1175,857
photos00401.jpg,1920,1090,person,505,525,565,645
photos00401.jpg,1920,1090,person,1849,669,1903,843
photos00411.jpg,1920,1090,person,1145,871,1229,1085
photos00411.jpg,1920,1090,person,1221,771,1287,933
photos00411.jpg,1920,1090,person,75,721,145,897
photos00411.jpg,1920,1090,person,539,609,609,725
photos00421.jpg,1920,1090,person,1127,745,1207,1027
photos00421.jpg,1920,1090,person,1147,623,1237,789
photos00421.jpg,1920,1090,person,1261,641,1321,823
photos00421.jpg,1920,1090,person,527,487,587,589
photos00421.jpg,1920,1090,person,103,615,185,803
photos00431.jpg,1920,1090,person,1343,713,1429,891
photos00431.jpg,1920,1090,person,1125,693,1195,855
photos00431.jpg,1920,1090,person,211,637,291,811
photos00431.jpg,1920,1090,person,1153,825,1229,1090
photos00441.jpg,1920,1090,person,237,677,299,853
photos00441.jpg,1920,1090,person,545,569,595,683
photos00441.jpg,1920,1090,person,1365,733,1453,907
photos00441.jpg,1920,1090,person,1027,723,1103,865
photos00441.jpg,1920,1090,person,41,631,117,793
photos00451.jpg,1920,1090,person,1435,743,1517,941
photos00451.jpg,1920,1090,person,292,679,377,871
photos00451.jpg,1920,1090,person,565,573,609,697
photos00451.jpg,1920,1090,person,487,587,541,701
photos00451.jpg,1920,1090,person,979,733,1055,893
photos00451.jpg,1920,1090,person,1125,865,1223,1090
photos00461.jpg,1920,1090,person,399,711,489,873
photos00461.jpg,1920,1090,person,973,739,1053,943
photos00461.jpg,1920,1090,person,1559,781,1637,951
photos00461.jpg,1920,1090,person,1177,867,1276,1090
photos00461.jpg,1920,1090,person,125,659,209,813
photos00461.jpg,1920,1090,person,619,593,667,707
photos00461.jpg,1920,1090,person,559,599,617,723
photos00471.jpg,1920,1090,person,481,713,561,873
photos00471.jpg,1920,1090,person,917,743,1007,935
photos00471.jpg,1920,1090,person,1613,773,1719,965
photos00471.jpg,1920,1090,person,1189,887,1281,1090
photos00481.jpg,1920,1090,person,453,725,525,909
photos00481.jpg,1920,1090,person,491,609,551,725
photos00481.jpg,1920,1090,person,545,609,591,731
photos00481.jpg,1920,1090,person,789,749,877,959
photos00481.jpg,1920,1090,person,1587,757,1681,935
photos00481.jpg,1920,1090,person,1751,727,1817,907
photos00481.jpg,1920,1090,person,1107,873,1183,1090
photos00481.jpg,1920,1090,person,19,683,91,843
photos00481.jpg,1920,1090,person,1817,749,1883,927
photos00491.jpg,1920,1090,person,291,639,373,815
photos00491.jpg,1920,1090,person,1407,653,1493,821
photos00491.jpg,1920,1090,person,1567,639,1641,813
photos00491.jpg,1920,1090,person,1487,625,1553,797
photos00491.jpg,1920,1090,person,533,667,613,861
photos00491.jpg,1920,1090,person,323,533,377,645
photos00491.jpg,1920,1090,person,267,561,325,649
photos00491.jpg,1920,1090,person,905,771,983,1059
photos00501.jpg,1920,1090,person,1691,779,1826,1090
photos00501.jpg,1920,1090,person,1839,775,1920,1058
photos00501.jpg,1920,1090,person,1271,549,1345,699
photos00501.jpg,1920,1090,person,129,547,229,717
photos00501.jpg,1920,1090,person,263,563,361,767
photos00501.jpg,1920,1090,person,37,471,125,591
photos00501.jpg,1920,1090,person,105,431,155,557
photos00501.jpg,1920,1090,person,719,681,797,949
photos00501.jpg,1920,1090,person,1365,535,1413,681
photos00501.jpg,1920,1090,person,1777,573,1851,735
photos00511.jpg,1920,1090,person,179,581,289,769
photos00511.jpg,1920,1090,person,61,461,121,589
photos00511.jpg,1920,1090,person,13,477,71,621
photos00511.jpg,1920,1090,person,1199,507,1257,665
photos00511.jpg,1920,1090,person,1291,539,1353,693
photos00511.jpg,1920,1090,person,1533,797,1704,1090
photos00511.jpg,1920,1090,person,1723,775,1832,1090
photos00511.jpg,1920,1090,person,1711,547,1787,741
photos00511.jpg,1920,1090,person,679,689,781,933
photos00521.jpg,1920,1090,person,17,509,117,693
photos00521.jpg,1920,1090,person,1001,475,1073,645
photos00521.jpg,1920,1090,person,1255,749,1405,1077
photos00521.jpg,1920,1090,person,1421,743,1573,1061
photos00521.jpg,1920,1090,person,1713,461,1777,635
photos00521.jpg,1920,1090,person,1561,471,1639,631
photos00521.jpg,1920,1090,person,1151,495,1223,655
photos00521.jpg,1920,1090,person,1103,483,1163,649
photos00521.jpg,1920,1090,person,513,639,591,923
photos00521.jpg,1920,1090,person,1475,511,1551,675
photos00521.jpg,1920,1090,person,417,665,517,943
photos00531.jpg,1920,1090,person,881,507,951,667
photos00531.jpg,1920,1090,person,989,515,1051,667
photos00531.jpg,1920,1090,person,1071,525,1135,679
photos00531.jpg,1920,1090,person,381,701,477,971
photos00531.jpg,1920,1090,person,1055,781,1183,1090
photos00531.jpg,1920,1090,person,1219,773,1342,1090
photos00531.jpg,1920,1090,person,1471,495,1545,661
photos00531.jpg,1920,1090,person,1615,495,1689,639
photos00531.jpg,1920,1090,person,1333,545,1401,719
photos00541.jpg,1920,1090,person,41,761,129,947
photos00541.jpg,1920,1090,person,883,717,971,877
photos00541.jpg,1920,1090,person,1005,709,1065,867
photos00541.jpg,1920,1090,person,1133,711,1191,847
photos00541.jpg,1920,1090,person,407,911,491,1090
photos00541.jpg,1920,1090,person,1679,659,1741,805
photos00541.jpg,1920,1090,person,1543,669,1603,815
photos00541.jpg,1920,1090,person,1335,723,1395,901
photos00551.jpg,1920,1090,person,751,769,827,931
photos00551.jpg,1920,1090,person,863,765,919,929
photos00551.jpg,1920,1090,person,1173,809,1247,973
photos00551.jpg,1920,1090,person,1429,739,1493,889
photos00551.jpg,1920,1090,person,1561,741,1617,885
photos00561.jpg,1920,1090,person,709,755,761,927
photos00561.jpg,1920,1090,person,783,755,851,923
photos00561.jpg,1920,1090,person,945,803,1021,971
photos00561.jpg,1920,1090,person,1519,773,1583,915
photos00561.jpg,1920,1090,person,1389,755,1457,917
photos00561.jpg,1920,1090,person,1077,813,1149,975
photos00571.jpg,1920,1090,person,933,757,997,905
photos00571.jpg,1920,1090,person,743,711,815,861
photos00571.jpg,1920,1090,person,817,719,859,875
photos00571.jpg,1920,1090,person,227,901,311,1087
photos00571.jpg,1920,1090,person,127,897,229,1090
photos00571.jpg,1920,1090,person,1601,719,1669,847
photos00571.jpg,1920,1090,person,1457,705,1547,877
photos00571.jpg,1920,1090,person,53,709,125,795
photos00581.jpg,1920,1090,person,811,699,859,881
photos00581.jpg,1920,1090,person,869,711,915,873
photos00581.jpg,1920,1090,person,935,755,1009,897
photos00581.jpg,1920,1090,person,1559,687,1629,821
photos00581.jpg,1920,1090,person,1687,679,1753,799
photos00581.jpg,1920,1090,person,289,909,387,1085
photos00581.jpg,1920,1090,person,205,929,303,1090
photos00581.jpg,1920,1090,person,123,925,201,1089
photos00591.jpg,1920,1090,person,859,801,923,941
photos00591.jpg,1920,1090,person,779,747,833,919
photos00591.jpg,1920,1090,person,1573,711,1635,853
photos00591.jpg,1920,1090,person,1687,715,1733,857
photos00591.jpg,1920,1090,person,1041,773,1087,931
photos00601.jpg,1920,1090,person,239,787,301,899
photos00601.jpg,1920,1090,person,775,823,843,997
photos00601.jpg,1920,1090,person,1661,721,1737,857
photos00601.jpg,1920,1090,person,1559,719,1621,863
photos00601.jpg,1920,1090,person,1005,805,1075,959
photos00601.jpg,1920,1090,person,1215,761,1281,895
photos00611.jpg,1920,1090,person,365,815,453,1053
photos00611.jpg,1920,1090,person,811,701,909,837
photos00611.jpg,1920,1090,person,1091,687,1147,837
photos00611.jpg,1920,1090,person,925,641,987,793
photos00611.jpg,1920,1090,person,1725,605,1789,753
photos00611.jpg,1920,1090,person,1815,611,1885,749
photos00611.jpg,1920,1090,person,1379,649,1433,773
photos00611.jpg,1920,1090,person,437,637,491,755
photos00611.jpg,1920,1090,person,1045,669,1093,827
photos00621.jpg,1920,1090,person,555,757,689,1090
photos00621.jpg,1920,1090,person,395,791,546,1090
photos00621.jpg,1920,1090,person,639,519,739,791
photos00621.jpg,1920,1090,person,1025,415,1083,575
photos00621.jpg,1920,1090,person,1695,369,1763,513
photos00621.jpg,1920,1090,person,223,387,297,529
photos00621.jpg,1920,1090,person,757,355,819,471
photos00621.jpg,1920,1090,person,1181,363,1233,521
photos00621.jpg,1920,1090,person,1115,361,1171,527
photos00621.jpg,1920,1090,person,1299,403,1371,569
photos00621.jpg,1920,1090,person,1261,393,1313,561
photos00631.jpg,1920,1090,person,583,719,759,1090
photos00631.jpg,1920,1090,person,781,697,927,1090
photos00631.jpg,1920,1090,person,893,405,989,657
photos00631.jpg,1920,1090,person,543,271,585,403
photos00631.jpg,1920,1090,person,1201,291,1283,451
photos00631.jpg,1920,1090,person,1045,225,1125,401
photos00631.jpg,1920,1090,person,1539,275,1603,449
photos00631.jpg,1920,1090,person,1375,227,1433,401
photos00631.jpg,1920,1090,person,1479,257,1541,431
photos00641.jpg,1920,1090,person,649,729,825,1089
photos00641.jpg,1920,1090,person,871,709,1045,1090
photos00641.jpg,1920,1090,person,1001,343,1107,603
photos00641.jpg,1920,1090,person,1265,253,1327,415
photos00641.jpg,1920,1090,person,1217,177,1281,359
photos00641.jpg,1920,1090,person,1525,195,1581,373
photos00641.jpg,1920,1090,person,1639,249,1699,415
photos00641.jpg,1920,1090,person,691,197,753,351
photos00641.jpg,1920,1090,person,937,359,999,613
photos00641.jpg,1920,1090,person,865,357,927,485
photos00651.jpg,1920,1090,person,657,821,853,1090
photos00651.jpg,1920,1090,person,935,789,1097,1087
photos00651.jpg,1920,1090,person,1215,245,1289,415
photos00651.jpg,1920,1090,person,1301,183,1367,361
photos00651.jpg,1920,1090,person,1633,257,1691,405
photos00651.jpg,1920,1090,person,1039,363,1139,601
photos00651.jpg,1920,1090,person,751,197,831,339
photos00651.jpg,1920,1090,person,13,175,105,327
photos00651.jpg,1920,1090,person,961,353,1041,623
photos00661.jpg,1920,1090,person,1025,407,1121,669
photos00661.jpg,1920,1090,person,1133,293,1207,475
photos00661.jpg,1920,1090,person,1325,253,1393,433
photos00661.jpg,1920,1090,person,1571,329,1641,493
photos00661.jpg,1920,1090,person,941,407,1013,671
photos00661.jpg,1920,1090,person,1501,305,1571,491
photos00661.jpg,1920,1090,person,783,261,829,379
photos00671.jpg,1920,1090,person,1061,379,1149,635
photos00671.jpg,1920,1090,person,1087,253,1155,405
photos00671.jpg,1920,1090,person,1403,219,1491,407
photos00671.jpg,1920,1090,person,1627,283,1673,461
photos00671.jpg,1920,1090,person,1561,299,1613,473
photos00671.jpg,1920,1090,person,1497,275,1561,459
photos00681.jpg,1920,1090,person,1057,323,1141,585
photos00681.jpg,1920,1090,person,1579,235,1659,419
photos00681.jpg,1920,1090,person,953,315,1033,583
photos00681.jpg,1920,1090,person,1505,245,1557,441
photos00681.jpg,1920,1090,person,1459,219,1511,401
photos00691.jpg,1920,1090,person,1035,357,1117,611
photos00691.jpg,1920,1090,person,931,231,995,369
photos00691.jpg,1920,1090,person,951,355,1025,611
photos00691.jpg,1920,1090,person,1457,265,1509,469
photos00691.jpg,1920,1090,person,1539,275,1625,455
photos00691.jpg,1920,1090,person,1617,219,1667,399
photos00691.jpg,1920,1090,person,1399,245,1463,441
photos00691.jpg,1920,1090,person,83,109,141,247
photos00701.jpg,1920,1090,person,839,271,905,445
photos00701.jpg,1920,1090,person,1509,307,1583,503
photos00701.jpg,1920,1090,person,1393,307,1449,503
photos00701.jpg,1920,1090,person,1447,285,1505,501
photos00701.jpg,1920,1090,person,1611,271,1681,433
photos00701.jpg,1920,1090,person,1029,387,1103,649
photos00701.jpg,1920,1090,person,953,393,1023,669
photos00701.jpg,1920,1090,person,893,373,957,573
photos00711.jpg,1920,1090,person,727,311,809,479
photos00711.jpg,1920,1090,person,1009,415,1087,687
photos00711.jpg,1920,1090,person,1591,299,1649,465
photos00711.jpg,1920,1090,person,1315,347,1383,525
photos00711.jpg,1920,1090,person,1433,333,1507,535
photos00711.jpg,1920,1090,person,1379,337,1435,523
photos00711.jpg,1920,1090,person,933,421,999,693
photos00711.jpg,1920,1090,person,855,427,923,569
photos00711.jpg,1920,1090,person,1277,309,1339,463
photos00721.jpg,1920,1090,person,1023,447,1109,713
photos00721.jpg,1920,1090,person,671,339,751,511
photos00721.jpg,1920,1090,person,1595,337,1647,501
photos00721.jpg,1920,1090,person,1339,353,1401,543
photos00721.jpg,1920,1090,person,939,447,1015,729
photos00721.jpg,1920,1090,person,865,453,935,587
photos00721.jpg,1920,1090,person,1269,371,1339,545
photos00721.jpg,1920,1090,person,1403,359,1475,563
photos00721.jpg,1920,1090,person,1663,331,1711,477
photos00731.jpg,1920,1090,person,633,345,707,509
photos00731.jpg,1920,1090,person,1389,355,1457,569
photos00731.jpg,1920,1090,person,1053,461,1131,711
photos00731.jpg,1920,1090,person,959,457,1045,719
photos00731.jpg,1920,1090,person,1269,363,1315,563
photos00731.jpg,1920,1090,person,1727,315,1813,479
photos00731.jpg,1920,1090,person,1619,327,1685,489
photos00731.jpg,1920,1090,person,1327,353,1383,549
photos00741.jpg,1920,1090,person,601,329,697,497
photos00741.jpg,1920,1090,person,1109,445,1199,699
photos00741.jpg,1920,1090,person,1685,319,1743,485
photos00741.jpg,1920,1090,person,1377,349,1457,551
photos00741.jpg,1920,1090,person,1255,355,1325,553
photos00741.jpg,1920,1090,person,1019,443,1093,721
photos00741.jpg,1920,1090,person,949,445,1017,583
photos00741.jpg,1920,1090,person,9,251,95,427
photos00741.jpg,1920,1090,person,123,263,177,407
photos00751.jpg,1920,1090,person,541,321,645,493
photos00751.jpg,1920,1090,person,1123,439,1209,681
photos00751.jpg,1920,1090,person,1347,329,1423,553
photos00751.jpg,1920,1090,person,1033,445,1105,713
photos00751.jpg,1920,1090,person,1217,337,1299,539
photos00751.jpg,1920,1090,person,1709,299,1769,471
photos00761.jpg,1920,1090,person,465,317,563,479
photos00761.jpg,1920,1090,person,1689,299,1769,469
photos00761.jpg,1920,1090,person,1105,437,1191,689
photos00761.jpg,1920,1090,person,1285,331,1361,551
photos00761.jpg,1920,1090,person,1161,337,1235,527
photos00761.jpg,1920,1090,person,1025,435,1097,705
photos00761.jpg,1920,1090,person,1229,331,1295,551
photos00771.jpg,1920,1090,person,375,323,471,495
photos00771.jpg,1920,1090,person,7,243,63,405
photos00771.jpg,1920,1090,person,1235,333,1303,565
photos00771.jpg,1920,1090,person,1677,311,1733,483
photos00771.jpg,1920,1090,person,1095,451,1169,703
photos00771.jpg,1920,1090,person,1091,347,1155,483
photos00771.jpg,1920,1090,person,1173,333,1243,529
photos00771.jpg,1920,1090,person,999,443,1085,715
photos00771.jpg,1920,1090,person,943,441,1011,575
photos00781.jpg,1920,1090,person,299,319,399,487
photos00781.jpg,1920,1090,person,1665,317,1749,477
photos00781.jpg,1920,1090,person,1177,339,1259,573
photos00781.jpg,1920,1090,person,1093,447,1157,693
photos00781.jpg,1920,1090,person,1055,341,1103,473
photos00781.jpg,1920,1090,person,1013,439,1089,721
photos00781.jpg,1920,1090,person,941,441,1007,573
photos00781.jpg,1920,1090,person,115,267,173,409
photos00781.jpg,1920,1090,person,11,239,65,401
photos00791.jpg,1920,1090,person,275,301,369,463
photos00791.jpg,1920,1090,person,1133,411,1219,681
photos00791.jpg,1920,1090,person,1739,279,1801,447
photos00791.jpg,1920,1090,person,1191,315,1241,511
photos00791.jpg,1920,1090,person,1069,407,1139,687
photos00791.jpg,1920,1090,person,993,407,1059,545
photos00801.jpg,1920,1090,person,1189,355,1263,623
photos00801.jpg,1920,1090,person,237,253,341,431
photos00801.jpg,1920,1090,person,103,183,185,361
photos00801.jpg,1920,1090,person,1785,215,1861,371
photos00801.jpg,1920,1090,person,1359,217,1427,371
photos00801.jpg,1920,1090,person,1039,365,1105,487
photos00801.jpg,1920,1090,person,825,903,1040,1090
photos00801.jpg,1920,1090,person,1111,359,1189,651
photos00801.jpg,1920,1090,person,1181,241,1243,373
photos00801.jpg,1920,1090,person,1031,257,1111,409
photos00811.jpg,1920,1090,person,769,803,994,1090
photos00811.jpg,1920,1090,person,53,235,175,407
photos00811.jpg,1920,1090,person,1295,199,1379,359
photos00811.jpg,1920,1090,person,1695,195,1761,367
photos00811.jpg,1920,1090,person,1099,347,1179,579
photos00811.jpg,1920,1090,person,1017,341,1107,607
photos00811.jpg,1920,1090,person,967,335,1021,527
photos00811.jpg,1920,1090,person,907,237,963,407
photos00821.jpg,1920,1090,person,661,757,867,1090
photos00821.jpg,1920,1090,person,679,253,777,447
photos00821.jpg,1920,1090,person,1175,235,1237,371
photos00821.jpg,1920,1090,person,1537,225,1591,381
photos00821.jpg,1920,1090,person,963,359,1037,623
photos00821.jpg,1920,1090,person,879,363,967,639
photos00821.jpg,1920,1090,person,801,255,853,411
photos00821.jpg,1920,1090,person,7,169,53,313
photos00821.jpg,1920,1090,person,853,257,903,377
photos00831.jpg,1920,1090,person,575,665,798,1090
photos00831.jpg,1920,1090,person,903,355,981,623
photos00831.jpg,1920,1090,person,1157,237,1207,383
photos00831.jpg,1920,1090,person,1481,235,1535,393
photos00831.jpg,1920,1090,person,597,257,673,467
photos00831.jpg,1920,1090,person,685,245,749,437
photos00831.jpg,1920,1090,person,821,359,913,637
photos00831.jpg,1920,1090,person,767,379,811,509
photos00841.jpg,1920,1090,person,569,623,745,1021
photos00841.jpg,1920,1090,person,1173,241,1233,387
photos00841.jpg,1920,1090,person,1481,233,1531,393
photos00841.jpg,1920,1090,person,519,265,621,459
photos00841.jpg,1920,1090,person,639,253,705,457
photos00841.jpg,1920,1090,person,677,265,747,463
photos00841.jpg,1920,1090,person,905,365,989,631
photos00851.jpg,1920,1090,person,521,557,701,943
photos00851.jpg,1920,1090,person,895,357,983,631
photos00851.jpg,1920,1090,person,1455,219,1515,401
photos00851.jpg,1920,1090,person,1205,237,1255,411
photos00851.jpg,1920,1090,person,455,265,535,467
photos00851.jpg,1920,1090,person,817,365,901,643
photos00851.jpg,1920,1090,person,613,269,693,467
photos00851.jpg,1920,1090,person,565,259,643,477
photos00861.jpg,1920,1090,person,511,567,673,947
photos00861.jpg,1920,1090,person,901,375,987,643
photos00861.jpg,1920,1090,person,417,269,491,483
photos00861.jpg,1920,1090,person,1239,257,1303,413
photos00861.jpg,1920,1090,person,1483,239,1535,387
photos00861.jpg,1920,1090,person,835,383,903,661
photos00861.jpg,1920,1090,person,569,291,657,487
photos00861.jpg,1920,1090,person,461,263,537,475
photos00861.jpg,1920,1090,person,533,279,593,487
photos00861.jpg,1920,1090,person,1801,249,1853,405
photos00871.jpg,1920,1090,person,479,547,657,911
photos00871.jpg,1920,1090,person,383,291,467,495
photos00871.jpg,1920,1090,person,425,269,511,463
photos00871.jpg,1920,1090,person,505,279,573,483
photos00871.jpg,1920,1090,person,547,295,633,503
photos00871.jpg,1920,1090,person,925,387,1013,655
photos00871.jpg,1920,1090,person,1301,279,1357,425
photos00871.jpg,1920,1090,person,1501,243,1545,411
photos00881.jpg,1920,1090,person,437,525,587,869
photos00881.jpg,1920,1090,person,919,383,993,659
photos00881.jpg,1920,1090,person,319,273,395,497
photos00881.jpg,1920,1090,person,367,267,459,483
photos00881.jpg,1920,1090,person,437,291,529,503
photos00881.jpg,1920,1090,person,505,301,583,517
photos00881.jpg,1920,1090,person,525,277,609,447
photos00881.jpg,1920,1090,person,1327,277,1393,445
photos00881.jpg,1920,1090,person,1489,261,1549,417
photos00881.jpg,1920,1090,person,829,395,919,665
photos00881.jpg,1920,1090,person,753,389,827,539
photos00891.jpg,1920,1090,person,403,501,553,827
photos00891.jpg,1920,1090,person,211,291,315,493
photos00891.jpg,1920,1090,person,267,271,365,477
photos00891.jpg,1920,1090,person,353,285,429,495
photos00891.jpg,1920,1090,person,409,281,519,501
photos00891.jpg,1920,1090,person,889,385,967,641
photos00891.jpg,1920,1090,person,801,399,885,667
photos00891.jpg,1920,1090,person,1323,275,1407,435
photos00891.jpg,1920,1090,person,1453,241,1495,413
photos00891.jpg,1920,1090,person,1637,251,1695,419
